,Model,Optimal Means,Offloading Means,Mean Load Difference
1,Random(P = 0.05),37.848200000000006,42.7059,4.857699999999994
2,Random(P = 0.1),37.848200000000006,43.1733,5.325099999999992
3,Random(P = 0.2),37.848200000000006,42.727000000000004,4.878799999999998
4,Random(P = 0.3),37.848200000000006,42.674099999999996,4.82589999999999
5,Random(P = 0.5),37.848200000000006,42.465599999999995,4.617399999999989
6,Secretary,37.848200000000006,39.058099999999996,1.2098999999999904
7,House Selling,37.848200000000006,39.024,1.1757999999999953
