,Model,Optimal Means,Offloading Means,Mean Load Difference
1,Random(P = 0.05),37.848200000000006,43.191700000000004,5.343499999999999
2,Random(P = 0.1),37.848200000000006,43.19070000000001,5.342500000000001
3,Random(P = 0.2),37.848200000000006,43.2744,5.426199999999994
4,Random(P = 0.3),37.848200000000006,43.3421,5.4938999999999965
5,Random(P = 0.5),37.848200000000006,42.5116,4.663399999999996
6,Secretary,37.848200000000006,39.058099999999996,1.2098999999999904
7,House Selling,37.848200000000006,37.890100000000004,0.04189999999999827
