,Model,Optimal Means,Offloading Means,Mean Load Difference
1,Random(P = 0.05),37.848200000000006,43.50869999999999,5.660499999999985
2,Random(P = 0.1),37.848200000000006,43.2076,5.359399999999994
3,Random(P = 0.2),37.848200000000006,41.986000000000004,4.137799999999999
4,Random(P = 0.3),37.848200000000006,42.7729,4.924699999999994
5,Random(P = 0.5),37.848200000000006,43.10180000000001,5.253600000000006
6,Secretary,37.848200000000006,39.058099999999996,1.2098999999999904
7,House Selling,37.848200000000006,39.024,1.1757999999999953
