,Model,Optimal Means,Offloading Means,Mean Load Difference
1,Random(P = 0.05),37.848200000000006,43.39150000000001,5.543300000000002
2,Random(P = 0.1),37.848200000000006,42.8683,5.020099999999992
3,Random(P = 0.2),37.848200000000006,42.612300000000005,4.764099999999999
4,Random(P = 0.3),37.848200000000006,42.5299,4.681699999999992
5,Random(P = 0.5),37.848200000000006,43.3322,5.483999999999995
6,Secretary,37.848200000000006,39.058099999999996,1.2098999999999904
7,House Selling,37.848200000000006,39.024,1.1757999999999953
